<?xml version='1.0' encoding='UTF-8'?>
<?artifactRepository version='1.1.0'?>
<repository name='file:/C:/Users/vikas.kalluri/AnypointStudio/workspace/news-connector/target/update-site/ - artifacts' type='org.eclipse.equinox.p2.artifact.repository.simpleRepository' version='1'>
  <properties size='2'>
    <property name='p2.timestamp' value='1592492880348'/>
    <property name='p2.compressed' value='false'/>
  </properties>
  <mappings size='3'>
    <rule filter='(&amp; (classifier=osgi.bundle))' output='${repoUrl}/plugins/${id}_${version}.jar'/>
    <rule filter='(&amp; (classifier=binary))' output='${repoUrl}/binary/${id}_${version}'/>
    <rule filter='(&amp; (classifier=org.eclipse.update.feature))' output='${repoUrl}/features/${id}_${version}.jar'/>
  </mappings>
  <artifacts size='2'>
    <artifact classifier='osgi.bundle' id='org.mule.tooling.ui.contribution.news.3.5.0' version='1.0.0.202006182036'>
      <properties size='3'>
        <property name='artifact.size' value='332022'/>
        <property name='download.size' value='332022'/>
        <property name='download.md5' value='d3edb3c851aa29c1cb7412eb4c36c78f'/>
      </properties>
    </artifact>
    <artifact classifier='org.eclipse.update.feature' id='org.mule.tooling.ui.extension.news-connector.3.5.0' version='1.0.0.202006182036'>
      <properties size='4'>
        <property name='artifact.size' value='642'/>
        <property name='download.size' value='642'/>
        <property name='download.md5' value='427397cc3181fbe6d6e0d961b3a03e2f'/>
        <property name='download.contentType' value='application/zip'/>
      </properties>
    </artifact>
  </artifacts>
</repository>
